-- phpMyAdmin SQL Dump
-- version 3.5.1
-- http://www.phpmyadmin.net
--
-- Servidor: localhost
-- Tiempo de generación: 14-05-2022 a las 14:30:46
-- Versión del servidor: 5.5.24-log
-- Versión de PHP: 5.4.3

SET SQL_MODE="NO_AUTO_VALUE_ON_ZERO";
SET time_zone = "+00:00";


/*!40101 SET @OLD_CHARACTER_SET_CLIENT=@@CHARACTER_SET_CLIENT */;
/*!40101 SET @OLD_CHARACTER_SET_RESULTS=@@CHARACTER_SET_RESULTS */;
/*!40101 SET @OLD_COLLATION_CONNECTION=@@COLLATION_CONNECTION */;
/*!40101 SET NAMES utf8 */;

--
-- Base de datos: `coollection`
--

-- --------------------------------------------------------

--
-- Estructura de tabla para la tabla `comentarios`
--

CREATE TABLE IF NOT EXISTS `comentarios` (
  `idcomentario` int(10) NOT NULL AUTO_INCREMENT,
  `texto` varchar(150) NOT NULL,
  `idpublicacion` int(10) NOT NULL,
  `idusuario` int(10) NOT NULL,
  PRIMARY KEY (`idcomentario`)
) ENGINE=InnoDB  DEFAULT CHARSET=latin1 AUTO_INCREMENT=2 ;

--
-- Volcado de datos para la tabla `comentarios`
--

INSERT INTO `comentarios` (`idcomentario`, `texto`, `idpublicacion`, `idusuario`) VALUES
(1, 'Albion online es un juego multijugador RPG no lineal donde no tienes un destino fijo. El jugador puede escoger entre diferentes rutas para crear su le', 1, 3);

-- --------------------------------------------------------

--
-- Estructura de tabla para la tabla `imagenes`
--

CREATE TABLE IF NOT EXISTS `imagenes` (
  `idimagen` int(10) NOT NULL AUTO_INCREMENT,
  `imagen` text NOT NULL,
  `descripcion` varchar(100) DEFAULT NULL,
  PRIMARY KEY (`idimagen`)
) ENGINE=InnoDB  DEFAULT CHARSET=latin1 AUTO_INCREMENT=5 ;

--
-- Volcado de datos para la tabla `imagenes`
--

INSERT INTO `imagenes` (`idimagen`, `imagen`, `descripcion`) VALUES
(3, 'data:image/jpeg;base64,/9j/4AAQSkZJRgABAQAAAQABAAD/2wCEAAoHCBYVFRgWFhUZGRgYHBocHBwcGBwcHBoYGhgaGhgYGBocIS4lHB4rIRgYJjgmKy8xNTU1GiQ7QDs0Py40NTEBDAwMEA8QHxISHzQnJCs0NDQ2NjY0MTQ0NDQ0NDQ0NDQ0NDQ0NDQ0NDQ0NDQ0NDQ0NDQ0NDQ0NDQ0NDQ0NDQ0NP/AABEIAKoBKAMBIgACEQEDEQH/xAAbAAACAgMBAAAAAAAAAAAAAAADBAIFAAEGB//EAD4QAAIABAQDBgQEBAYCAwEAAAECAAMRIQQSMUEFUWEGInGBkaETMrHBQlLR8AcUYuEVI3KSovEzglOywiT/xAAaAQADAQEBAQAAAAAAAAAAAAABAgMEAAUG/8QALhEAAgIBAwQBAwMDBQAAAAAAAAECEQMSITEEQVFhIhMUsTKRoYHh8AUzcXLR/9oADAMBAAIRAxEAPwDrA/SI5zyiKtErc4+ZPYsiyxgEYVHONiCpHWQynnGmJHOCqsbKdYbUHUKpOYaiCifzEENIG9IbUjlIn8SBtNG8CV+kbsdYGpMdSMNG0EaOGryEGEwAWEQLkwdhlNgXwyjYV5wu8ttodWm5go5AR1FY5GitSUwGkRZyN4daWu7geBgU3Co+jERybQ6yp8ixxDi5IAiMrHh6gGpENPgbaV8YVfDKnIQdchlpkFGKfYUhlJ+5NYQE4UuR6xJKjQWhvqyG0RZaJiVghmcorEeu1ILnI6w8cjEeNDocxrO0JpMblE2xVNQYopNiOPobV2gyzm5xX/zqdYC/EQNIdSku4jgn2LUz25wF5pir/wAUJ/CYBN4gTbSG1PuBY/CLQ4mh0gM7FAj5Yp34mqfM/lCuI4wT8kBzoeOFyZZT3U6LfrCbO+xoIr0mzH3hyWhpcmJykzRHEl3/AHIYjETdK2gkksBeC/CEQeVsK+ULbKLHH0SD21iKmukM4Lhj6mir/VDa8PQmwZz0sPWHjCUuxHJmw4+9v0VjoaVFzyF4yOgErKPwoOlzGRX7f2ZZder2iZn6xmeF80SUnwjA4UeUs1hs8YJh5QIDxMTr5QNA31iQZqg1tG3m/wBQ9YAUXc184wyUOojtIVksMr9feNIwJuRWIBVGgjAekK4sosqDFBtGxL6iBZ/KI/FG5gaWH60RrLTaAz5uUEttsIGs2uhrAsTiMguCa6Abx1MP1VVk8Biw4rkp4ww5rv6QjhJqsKkFDyJhrOPzWjtx45EySSFpSkbWUBYEiFhjFBIqfSHJb1ANReOUiimu5AvahJiMy40rBzrQrECgrrSDY6mion8PUmtIYkIyrTNXxh5pXK8QMu17QB1kK12cG5t0EOypykaxOXlIt9I0shWrUUhkw6yQTkYg6GJfDpoYmrE6iHU6CpsVZPCI5YaeSeUAdOkUU7KKSAuAIQmUJh+YlbGE2w6ratKw6lQWrK2bhkLdY2uFEOyuFMTVan6esHbBIlDMmAHZUuxi2nUtiTyRxvdiiS6aQ9JwTsK0oOZsIdw8tqVSWEX88zXyXWJzJyJd3LnrZR4AQY4PLJz669ooHJwHMl+ii3rDXwco1RPDvNFHj+06iqqwtssUM7jkxwaAim8VWmPCM8nlnyzsJ2NlJrVjzY19oqcR2nJJCaDYWji5uNOepJJ6wCbjCpOU6xzcnwBY4rnc6DE8fdq5myxkclPxlqE18IyO0SG1wWx7GVpsT4RJKkXFPOJJN8IwuDqBC6Ej5/WzZkA6GNNJB8PGNhhtGaxOSihlIiuGtavtGNJI5RJhQWF+cAeYWoDm5GISim9isZtGacowTBzg64dOvmYkZI5QjiUU2LGnPWNNKrpbrBzLEbywukbX5AS8Pl5XjJ2Hzb0g9I0XhGNGVoVXBf1VjP5Ug2PtDJmRDOeUcNGe4H+XPMRsSPCDBjyja3hKsssnpGB3HOJNOJ1B8YIqQRV/dItHpptq1SC86S5QBHJ0MEzHlBu7+xGFV5xV9JXDFj1HoVZR1EamS2ANbg6UF4aZV5wFlGucgQjwV3KrOLYdSK2gyqYYlAEChrXTrDcvhzG5oo5n9InLE48lFmTK5iYkiM1gK+X3i2lyZS6AzD/x/SGFlzGsMqL0FTCpjfVr+5Vf4W34sqjreElwLs5RJPyn53sh6ru0dQuHlp3mOYjdj9BoIQx3aGWlhc8odZlDmvyT+pOe0b/BCRwKlTOfMPyr3FHoamK7i8iVhkLyUAIubZmp0JvBsLjWxR+GrfDa5Gtx+sFw3wsO7piHU5VDKzbq1QRQ71HvHQ6jK5JrgXSltLd+EcHie0DzKhQSfP3hVkeYaNUDfp0hbivHpcqa6ykVlDNlY2FCbWjmcTxyY7EFjl2ANB7R6kVqVh1Jei8nvIlG5vXxr4wliu0V6S1yjw94rZOAxE892WxHM2HqYs8L2YQMBNm5mP4JYzMelookkicptvYpZ2OJPdufeGsHwjETdFKjm1hHoXC+y6oA2RZQ5vRph8tvOLgTJMm6jMw/G9z5bDygpIRzbfJx/CuwVaNMq3j3V/UxuLPivagD8RJ5D92jI60dudA0snenhGvgdSfOCUjWbwiG543xNqgiJT+oxseUSY7VpE5RbCmjFQbmJF+X0hd0bdzTyESr1MRcGUUiTTG6RvOYSlyspJzE12MMNNNPlr5RyhJ8I7UkFLRtWPQwqFY6I0ETCPqQQPGHXTyfY76gZHalwK9DtG6wM0GoI8YPJyNq1IP2t9wrIyLjqBEA45w78FD+P3ia4NOcd9k+zQ6yMrx5waSt94e/lUER+GBoDDw6Nxldh+ptQMLvE4kCdqxjORqQPONbxvyCLt0kCLH8sRYnlEJ3EUUVLr4RR4/tQFsuUnnW3rv5RmnOC2tnpYuhzTWqqXs6SRhmfRCeu3qYaXAIfmOY/lW/qdo4zhHap1DqyPMrQqACFBJOapOxtFlh52OxRCoUkJ/SMxA9KRjnkyK0lt5Y30FF7s6YzlligyoPVv8AuDScOz3INObfZYBguFyMKM7sXfd3arf+tdB0EDxHGZkw5ZCEj8xsvqYxze/ylfpB5/Qv6sspuSWKsRbcn6CKvEcYY2lKXLaUFRFfiZcle9i5+Y/lVqDwrrFRxP8AiBIkKUw6heRoPW+sCKnk4/ZDqFe/b2R0I4TPmd6fMCLyBv8AoIS4hicFhBmyma2gFQa9TWPPcT20xWIJRMzE/lH1O0D/AMNnMM0+Ysocq1Yxoh0kr3SX5G/7S/bZFpxbto4nCaqrLKqQoBqRtU7E3Mc2MTiMQ5Kh3ZtWatPGpi34bw6WWC4fDviX5kVUHmdh5x2+B7F4mcP/AOiYJKfkl0LU5FtB6GNsMUIf8k5TUfR5kezgDFsRPVa/hU5mMdJwDswXb/IwxAGs2eCq+Kgip8hHpnCuymGwtTLU5jq7HM3q2g6CDNxYS3WW7Bi1crCgBI/C3JvDWHnm07EU9X6dzi5vYiddp+JzSxfLJUrUdSdB4RFcXh8MpEpETm2rHxY3MXvEOO0buigFcw3PXxEcb257MzAyTkFVm6gGwalRToRU+RgYuo1S00M8dK5MSx/arM1EqxO+gihxnEJjkhmIFdNBT7xYYXsyagu4WxNBqDDMyZh5GrF2FrmpvF3bGjpSKZOGM/foafvWkZEcZ2hJoF7ijketYyBpY+pHpxzUuP36Rgl9fYgxASwOdOVaHyuIkkwGgUHrWtR6xVpM+b2J/A6xF2Cbk+H7tGmY3v7Qth1LNsb7beJNhAWNPuda7Dcps182vOkNiQrbE9a0iSgKNog7sdBXqTYeVIrHGkNQRZajYD/lG2C/mp7e0CRH3b/alPckxOXhbkitepNfU2htKQ6i3wYXUb18L/SB56/KWHoPreHkwznkPIQYcPOpMK68jqDK9ZNRck+JjaYVK/3ixbCUHOFml0Pyj1gJRYXGgfw1GgHpEXmDkYPmI2p6Rr4nh6xVRj4F3Aq3j6RoO3h4kCD/ABBzHoYE+ITkT5AfUwGFEJk0qPnQedYpOKpMmOCjqABS4NudANdt9oscVipSAlgq8iSb+FBeOf4pxYioluTUa0ygeRFTr4wH00ssd+C2HqHhlqjz+4L/AApSf82a5psihanlU1MEw/DEQ1SSSdmepI82sIrk466rQuo2tqfAVJ843iO0gVKlzTx9tb+Ajy5KUXpUT1pZMuZXPI2vWx3PDeBhlV5swEHRVII8KjWHsbxOVJWgZEUWJJv58vMx4m3a/EAOkklVdi2lToBYabVOsEwHZbiGNNSrkH8UwlVHhm+wieTp5Sdzkkv5JQlFLZN/g9B4h2ww6aujdSQ5/wBqxyXEe2GInsUkF3UbKhFvBakCLvhv8OsNIIbEz1mEaotVA8wanzjssBKSSAMJIARjSqkEHaoGtvKM6jhxv4pyfs0a21skjx2Xw/Fz+8/+Wv5nOX2NzDOG4XhZZ77NiH5CoWvTnHqPEOwpxE34kycwU0qoFKnmBWg8/SOg4T2Zw2Hp8OUuYfiIBb+3lHoxl8dlRmlkV7uzzjhfA8biBSVKXDS9KsMppzA1MdVwv+HWHUhp7NPf+o0Wv+ka+cdsIFOxAXUwspUt2TeSUnsRw+HSWoVFVVGgUAD2hfGcQVdDeKziHFtQDFWmFnTz3QQOZ0p0iEskpbRKRxJfKYTHcXZjQGvQRT8ZwrhC7KQNRrUEXzCmlI6rC8PlYdS7nMQK1NKeAjh+0XaklWYEUAFAbCtTZeY2iU4tVW7ZoxLU9tkiwl8QTFYP4jhUmK2RmUUrYGpHmDbnEOJdopX+G5WZTMQAKoNSTLYAMOQpb1jzCbxxzJ+EjFcxzPSykUFIqcROJFMxO1POpMa8eGSdt0SnoquSzx3H5jimYjoLepipaeefrA1ls1AB5C5PhzjoOH9lZjDNMpKTm/zU6Lt50jXSRLU3wc9UtYCMjuZc7C4Yf5aZ3H4mua9NhGo7Ug/Tb3PQRQ7Efr5QAy2zE8/3pApGCqbO9P8AUf1ixTD0tUj98406EfPpuQkmBYkkt+oHK8P4fDBRQRNVANC2lK708YXxnEAmgLE2sN+UdGPgeMaHCirrbyhdp6j5cpNtbC5gfDw795kotdGqW8biLQmmi0gSbTo0RiqsBKcnYaaX9oIJjbD2jHmc/pX7QJcWyEFVJpzBp9vWJuT8FFFeQ4mPrb0jf8y4FKj0FYVm4otUqMlb0DW9BCjC+YuR5mnpDxg5ciyko8Dc/HMOvnADi8x+ZV53Ap41gDMvOv76QnMwiahTU70C1vvpFo4kiTm2OriQa5asNyDlB8DvGnxLbUG1CSSTtQiK9nyUGcChFBrptbWF8aWe5DMNr5V/4wXCjlJFjxGawSpah3GZe71NDWniIrX4/JlIQ01WYEggEMa8gBt1Mcjx1cSHKorZGANFIpXepJ6Rzr4GaGoKFvyr329FBgrRBXLcrGGp/E6nHY1ndnaYoNO6K6brTYDesVMzi7IO8VYNeorfoRv4xYcF7K4h1OcS0JFVzkVodCFAO4OsTwHDJaTcs+WJneBObc37udG+U8hy8RHS67GoNwabXK7lftpalqVJlHIabiHyykd2NqKpb6CwjruHfw6mvlbGTllLsgoz05UBosdbO41JkIqy6S1YWWVLACmlg9SuY9ITHG5lGCLQHR2QGYvPvMcv/EU6x4+bqsmXfj8m6GJLYtOEdm8NhhWTIBP/AMs8j2zfYReSsM03V2Zf6e4n+43byEcTg+MtJmZ5ss4jn8RquB/Qa5AelALaiPRuD8Yk4lM8l8wFiDZkb8rrqD9dqiMyw63qlKw5JOGyQvKwiAlFRTY5rVB2pU1J13hyU+Xu5QoA/CKDypBJ6NmUgCl77g0sdbi1xA2BYdQaEcjbfloa9YaUHD9JLVq5DqxN9oNCqFhqKnbw5QHiGMCKamn6wVKlbBp1OkTxeNCix8/0iieY85sqDzg2EwbzzmeqptzP6CM4t2owmCXLmXNsq3J9LmFUdW8nt/nCLL4/GKtjeD4IiDNMIYi9ToPKEuOdrpGGWzL0J/8Ayou3lHmXaL+Ik6eSqdxdt29NB7xxU2e8xsxJLHdjVj6xeOOT2iqXnv8A2DUVvN2/HY7Pjvb2ZMJ+HYfmYVPiq6DzrHG4vFvMJLFnY6sxr6Rf8G7EYnEUOQop/E9vRdY7jh/YLCyKNPYuRsTRfQRN5cGDvb/zuPqnLbheDyrAcKmz2CorMegsPE7R3/AP4aAUfEspGuRWNCP6mF/SOqfi8iQMkhAOiin/AHAkmzZrqs9WVJjZVYACjfh156Rky9dOe0NkUWFRVv8An/wrOI8Iw2GQthU/zACLnMTTUBjdTvHD47FTZpymtrkAEC/OPTcKFweJo7q0tlOaoFmF1P284847T8UVp8xZQomZsuXWhv5AVpGno8k5WpOxZxS3itvLKqbhgLsRe/8A1GQKXhHa7H9YyPQ0k9S8HsSIUQkAmlzU0tvSlaRLCzGdAzALW4Arz/Fua/eJSavLAOhArYivOJuoUXFaWsu3QDWNdHz624JMV0Ir0N4HiaEUApuTTQDWtDW4BFYGcWKVAveoJ/CDQnWJmWdc1PO3vAaHTdmYR2WpStDqGU08ReG0xoNinevfY/6SfpAFlEADu5QQQDoKaUG0S+G7Uqwrra8Tkk3yWi2lVDBnJybzH1hDE4pa29qfWBulyHJAHMi/QAesJtPQGii3Q1P784vjxxfG4k5MKZh3NOlftGA/vWFGxNNKDxpAmxjA1qKbigp/3GhJ9kRLIt4+kDmsAL6eIis/mtaknzsfCxqY3hnZz3QgA3JB8spNT+9ITLkjji5SdJDwg5uoqzc1ga0WtrWLCteZOnpFZi+IslQs5M1aFRRimmtdCPG0PcUmFaDU1uSbDwoQF9T4xxONYBjmJO9FUf8A2rTzJjy/v3kbjjW3k9TF0kIVKe/rsXjYtWWjd8k2Jag8cqw5wXtAJLGWwHw5gIKqqkhx8pW+9KGldjHFSsSQ3cT/AHHN67R2XBe0K0yCXLSZuUXLm6ihESeGc03Jthz9TDCvjHb0Fky8TMYqEKoa5WcUtyy618QNrw6mBlSaFy7sxtn0tuFHreMncRmnZgOi08bj7wm7kGrsmUjmxbz6dI6GGMOEeVn/ANRy5tk6Rric6WjZ+7VrUJzacgBp08YAMUXpRWptXuiv+4ehic3GK9U7hpe4FuRprvCUzDlhXMcwrQUCqKbGlf2Y6WJN2ivTdfojpnb9j8khQSzip2GYDXw/WC4TEujibKdZbineU5sw/K4tnU8j4ihvFZKw7XzKFv3cpB21IK8/GIy5ZWlSM25pQkDWgAAr5xJwlHdHo4uuw5Pi/wCT1nsx2pTFDIw+HPUVZDow/PLJ+ZPcb7E3suXlJuTmNbmtLaDpHgs6aAQ6uEdaMr5iHVl0K1of+N6m5rFpiv4i4h5KHMoe6vlBuy/iAplAIoaV1J5Q8YOVV/J0opN1weuYnFqCABma9AL05xyPHO0mGkNWfMDOLiUpzZf9VN4824n2zxU8CWjfCQ0UqnzudO++pJOwoL6QThvYie5HxCJdfw/PM81Byp/7MCOUJLEo/LI0kPCuIqx7j/8AEjETxllf5SaW+Yjx0Ecvg+H4jEsfho8wk3IBN/6nNvUx6twXsDh5dGaWrtt8TvknX5bL7ecXmAlNNWkuaqqpKlQmUqQSCMo0uDEZdZGP+3Ft+WPVqm0l6PO+F/w1c0bETVlr+VaM3qbD3jreHcMwWE/8csMw/G3eb1P2joV7PAmrzGbzpD2H4RKS4UeO/qYy5MvUZeXSGUsUONyhOKxE20tcq8yKfWCyOz5PemuTvStBDnFe0UjDilQW/KLn+0cBx3tvMclV7o5A3iUcGp7bsvDXJWkorydjicdhcL8oTMOQFfWOO492zMwgL+EhhTUEXqI5WZMeYasxjJGAIuvuL9Y34ugveb/oHVCO6VvyzMZxCZNYktrz16xDD4PemusWEjCA6fvxh+Rhqj9+cehjhDGqiiUtU3bFcPhVG0aiz+BSMh7Z2hnQpILBcrHK3fIJAIqO6DSoHhXUQbDSUcZnL5cxorhaBlJutb0rWleVrRUYLFuU7ktiwFAC4VQtbKctSum3KBzsHiHfOipLDKyMpZnUqQQTlPzG+htcRdyaPAjFNWdBiMTIlkszIhoasxAOUNT5m2qfeCTCCoYFaEgVLA6itgNTFEOz+enxpjzCDW+VV0A+UDkoi5w2FWWKIiqOQEBuSKxUfBMS1B1Y+CEjzifxlpZyR0LD7xhKnx8vuCIrMU0zQafvlQQIxcnuwykorZGY7GBrBVNLVJvFbMxDEEKBbWgrBpkhiL0/2whisMzGoYC1KUqopyU2jZCOlUjPKWp2yDAj5ib/AOkf3hcy8xuGp4inqRD0qUw1UHqLf8VEamAjdV37zZbc7qLQ6k0LsV0yTeub2r9Y2k4qKkkttYjfc5YjP4goJAnIf9Odj6CKvE8SvTOfJCPM109YTNijnjpnwWxTljeqI5xHGl7FVTrUknyMUs5JdTXvHrmP0tE52Lc7hh4Ee8LFi2xX0PuYli6TDiVRX7lZZ5z5ZJptqCgHQQqCQwYag1B6xNl5keor6CNVi7jfJJl7hZqTlytNZGpcEgKT/SaivgYNK7O5WzGYzciGpQdaVqfExzExuQH76wL4x2ZlO9GIr6axkngSezIrC1+l0djLwAlnMkpiaUzvMXQ66sSB4CI4jEqpHfRa/MSa6cqGOHZj+Zj4mv1gL5ibknziLxPyN9q5O2zscbxiSoIqW8LAnxN4qJ3H2ayig52H1ikEnn7x0vA+y/xVDzCwQ/Kq0BbzOgiWR48Sub2NODo03S3Kj+YdzlUFmOyipPpF3wzs67f+VilqhEAzeZNljreFYeUgMuXL+GKd6xLEncsa10gc2S6VL0YbFdK7VXX1jG+ui24x2/J6y6bTFXu/4F8PwaQnyopYihLd86UNLWOvy0jreybgIUPzyyAa/MyEHIzb1swv+WOelTCQB0IFKnKeZIFSYa4HiVk4hKkUciW1WrXOe4fHOF12JjJOUstqX9B9Cgtj0eU1N4TmKkmepAp8Y0tpn1PmYfRVRasQKbkge8VHabjmGw6BpjqWQhlQHvFgCBbleEhF8dzNdvYuOIY+XIUvMYKBz+0eadpu37MSkmw6fMf0jju0PaOdjHLFiFr3RsByAhDC4Q1zHX7R6WPpHLeey8BjKOPhW/PYbOIeYSWJv1+vOG8Nw+sQkywtqWi1w5tUeka1CEFUVQ6nKb3YMYXKKgVjUvD8/SLSXTkfSBuuU2FonJujRGKYKVLGwvfpDEhjTTe4Oo/WIy5tTlqK8hr6RIPQm/8AboYTfuXin3GlIMZAlWv4h6/SMh7G0otOGcJEtixJFTsaA2Oo0pFuFUaV9T+tokrnlGvi9I0Su7o+XjpSpMg8wwucTfb3hn4hP4CYS4sjsgKJmIINKgG21aQjnXKHUG+GbbFmtNPIj1gjnfn0H6RvBo7oGIynkWvTrziTudCKnfQxWEk3sI1Jcik5AR+/eFCim1FPgQfOkO4iflFDQeQP3hT+cGwBPgB61EaU6VkmrAmVWwBHgP1gU/AsQO/T0v4XhkT2Jtl9wR51+0AmI9cxc+BOavQMfpDWLRU4nBlLGa99gTc76EARVPgxW5cG9hnb9IvcSkwk6hfFD9V0itd3C0J51qUJJ2Ao0UW4UyrmYLTv67b+YGkKTcK/5j6294tfhX012BIt4QtOQE1H1NPeGpB1FS8s1pYnwH2iBA035af9w9MkivKAvIFagQr9DKQoyecaCVF1I87Q0yHl6xApW1IhNvsUg0xOai7CABAIeaRA2kxB2WSE1W4uBcbCnnHqUsBERqE7V66VPjSPN3l0i1kcenlkXN3UqSo1K8if0jz+u6eWVJx4V2belyKFp9zuZWIZiQCBa1hraK3GM4qHIF+5QElm1NRsAKXJ3hdeJ1WuUDw16XJhDiPFCyqpcZVBruSa9BfbnHl4cEnKqNs5pRsaOOYADML2LanwUDXbvUA+sEn4sIjMe6Qpys2ubUEda0Ip9qRzr40LfLc3vv8AekadmnMgJtsOVTenS0elDpd77GSWf40dRxfttOnWBp4X8SOXp5xzkyQ7nM5JJ5/3h+RggDbQbQ26BRWNmHpsWPeK38kHllJV28FWmHQW+8MonWNIcxOh+saLsLC1OYi7QLDshO/vB8HUa2r5wuHJG1DyqPWlxBZGHYsCHYDcVH1P6xGUdxoy7ouJbORYe8bAIuWA8xA2RQoFz4mvvAZSEaICOXKJNI243XLCvhRzAOtYmo5tUdf7xtJROtukT/lh+/7QjmkaYpvdAhKTYgGMggwq8qef6xqO1rwNT8nW1b90iJZoC+JYGhU+UY+KAGYq1Od/pG4+SVhg9OcK47DEqXR3zDQB6CvgNd9esaxGKAQsmXmefpQ3hWXxhHC1Svi1vSljrCNX2LRdIs5OKcKtVU5RrQedwftCMqdLZnygjvXoSL7g11vXbeH8JjZYbKB3fDnvoDWJ4iimmu9KwY0ntyc7a3KqcNRWpGzAn3rAUVq/L70hx599Bf8A1V6aGkCxOEZwCrEjofYxrir5IP0Do26AdT/aAPiJYNGYV6V/SBthSq992UE7t9619IFklVz952A1Bb2tDKKFsnPnoCKOwB5VPW4IhefMVgV+KD0K0NPWtPARs0LFgjE9aKANNqxlG5IOWpI94NegWINJUAkNU0I0bz/TzivMliaZbc6GsX4D1BzCopzp50jRza0HWlfPWDR2oppfDM2sbfAADQRcBxpUjxFPeITRBuKOSlLg52dKK7GBMh5H2i4npC7ShufeJSlE0QxzXorvgj/uBvJA5xaZEH9oH8BjqKedojKn2NMU1yyieXXSNYcmW+cCtAw9QRFy8hRqLiAMinaJuCkmmPFuLtFPiMXPYUztTkKD6RMObd3TTUippUmuukWf8sOUYsjoPSE0QjwguUnyytl4fMasSfH9YuMNgPlIsR+tfvEpaU1ENSJ4FgsddcI5INKw7C5Yn9+MHaVUXiKYgRMuIe2cIzsOgYGlOv2MLTEr8p12uQfIGo8jFnMmLTT7wEoNl9PrHNsNCAcLlqKV0rXXoT9/eHsON6/v0tEJqoB3lLL0FxfcVrDKJRapRxuBZh484m5Wh4RdjaodjBltGpMthqBcaVPuD9YK+GzbED99Ym1ZpUXEC+IRaAtQ8qVMTl4tCKZq9KmvoNYJKwOU2NPOsamYcC+p9IWUaWxpxu+TbsnUeUZAHI/LGRm1y8Gr6a8nYs4Gpt4QEIjWDV84OkKqO/Hq1R8ZFmPhQB8oPKE1wyqScigncexI5w1NY1N+UbmfKYDih1JmYajWcAGlAQKVHIxqfMMpgwlmYCb0IsOcKL8g8ohIY59ecTkqdlYybL1VkTqMBQ9LU8esDxPCyO8hvzH3Ec/g3OcXOvOOxwx7pjo5JRjqTG0xlyjk8Xgmc1dMxFbqQK8rG0Byy6UuCNiKR0WP+byikxQ70b8UtaTMs1ToSdxp3vaAOutA3rDzoK6DTlFUzn41KmmUWrbfaL0IZVhb6mNgtyhR2NdYb4ebnwgSVAJ1tqIC5H5oYxMU+J0PhE5Itjmxqaawu6hgag2339Irkc96505xaS9IjI0p3QJMOttT40HqIfCDlAYkYQsBmyRyhSZK5CHZn2hF9IRhBgNGVblG4jL1MKcZmG5p5H2rAi7g0UHIeghhIINYSSYSmb4qvbMV2qbiLTAhmUh2INbUJrTlBwNIaSGUdgMGyGoy1pvUE161FIMlBqpH+4/YmJLDCR1WhosUeWx0K05UJ+sYksKRqp3saHpWv1h3lE8KIkysWFkMB08oYE8fswCl4MohC8ZNhBOB6+sRdidh9I20aSA+C8ebE3qPw+hjIYfeMiVGqOXY/9k=', 'prueba1'),
(4, 'data:image/jpeg;base64,/9j/4AAQSkZJRgABAQAAAQABAAD/2wCEAAoGCBUVExcWFRUXGBcZGx8cGhoaGh0cIBocIxwfHB0dICEdHy0jHB8oHRwcJDUkKCwuMjIyHyE3PDcxOysxMi4BCwsLDw4PHRERHTMpIykzMTM7NDExMzE5MTExMTMzMzMzNjMyNi4zMTMzMTYzMTExMzkzMzExMTMxMTMxMTExMf/AABEIAJ8BPgMBIgACEQEDEQH/xAAbAAACAwEBAQAAAAAAAAAAAAAEBQIDBgEAB//EAD4QAAECAwUGBAUDAwMEAwEAAAECEQADIQQSMUFRBSJhcYGREzKhsQZSwdHwQmLhI3LxFIKSFTOywiRDomP/xAAaAQACAwEBAAAAAAAAAAAAAAACAwEEBQAG/8QALxEAAgICAgECBAUEAwEAAAAAAQIAEQMhEjEEQVEiYXGBEzKR0fAFI0KxFKHh8f/aAAwDAQACEQMRAD8Ax52et/0j9w+wi+VLQHKphUa0KrlX4nCJW2zgoSpKSmpBVeo+nBvrA6J6iaqIyd8Okaq0TvqUbNfOaLY0+gKknw63SokBTYpChQEpfHMAtUw72fb0FDy1FhW6WUQOWILUpzjILnrDpUtQBZyMFNUEgYij1Bj1oXMISFqdOIDAAcQwo8Q+IP3FnXRmqte1DcSUlIcsVLvXa8T7CvKFnxLtKYgBAIIUkG8d08wxw+o4Awr/AOpTVJMvcKQG8lUhmoczjUuYEKM1rIIAGSqCjVLgNRsoLHgVGuSpv5zl0BNFpfIJrpmRFFttCnCXoDWg6/WDJilDAgpODTKPyYdjCkrJWrkfWEedkICge9/pLGFQSTGCEn9KV83B5+WLZdGeUktRyCa8WiqXZyrBuGb8I9JlkOCCzsSCzc/eLliV4U6VBjJP+1/qIgmyqfdlqIo7/wAkGKZC0iqCp+BFfpF0yZ8y5l7RgPwQRWjJBIjmy2uZKQAgKChVLEKZwxSb1QOFRwxeUjbKkTAqYkJDFiEsRgaMQwNaBoWiatIcmmpF71EVTxf3iSdQA4HoW7ws4kf8wnciDuMZm3QolUsXVAkuGIIJ6knrF2w9oSwbrs4aoavLAP0hQiWkJoL1cajHBgQIqKEsDQ8rv3iDhRkKnU7kLsTZz9sSkuLrkPQ4DU4Vpl74Qk2ztjxGCAlIBcXUj3qfaExSMwBxjk1DYF+/2hGHwseE2sJ8jOKMOsagEqKiskuSSR7n+Ygs3yyUjD5vUsMBFMspPnWkcCpVeDiCLXNTcFy42SQk4ZliWPMxbLVX7RYUQebLSE1mJ/tFR6D3wiMyUprxCmwH8gYcoptK1mhpoGb0YRdY5dDeaIJrf/pjKoRrsLZYJvFQ8ppQ4kUOhb3jWywDcSQwGDZ0x/NIyuy7UmWGUCknO6W4O2GuMaGRPKUsTeONcW4OHI0P2c5vnY2yrXrOQhWuHzqgsMsHauX0gC1rCQbwdODaUy6t2jq7YACbqjriMcG/iBV2hJ3VUxJvZNT1Dgc4ysHi5ENm66j3yK2oh20GUQaB1JJAqzOlxzev4V1pnBCAFEKNDSoNMYY7etd4DdcpG82ZfA9PbCESpgUGqzNy/DHoMTngA2j/ADcqFORv2lsmYUpJxKg/LjFN9RG9g28Ha9V2PpTlEpxF0AM131GLx6zKACXTeJBAGhJqro0MADGQSRqG2BBSgfOs0yupAx4Ujy/I58p3kpGbNnpiY6HmKUA4FEA88fSGlhSkKvEYJaWDmSCE8g/oIYw4rK3Pe+4LsnZpIK5h8y0pCQWo94in7QP+UbaXZpZZYQCQHS4LAZU4d3hbs3ZqEEB74S92tHpfVxdRbkIdCU6fM2Jfg5JPMq+kYnl5gpsGXMQLDYkLLeUugvNipXlT29h6wzNmAG91JqfsBwrFWzN1Hlz3XxApU6nN47arS+rZceP8xhZ/LINsaAl7FiHoLhUqUgoISGfMsX/NIGtNnKAWSC+jeoilNomLLSwotTRI66xOb4iEm8xphlyMBhzhjYuvmO418ZUekEmWR0kovJUKVcjsceTmFBsyQoibKF4fqQSytaUYjPmIcTLRdS11SLr9Gc0FfRwcIUG1TEElQ8RKmKVoz5h6H+I2vHDEEGUMho2Jm9v2d0+IgAvU/ufP6HLDCE8uSlSFqBFaAMXFcm7VhxPIQkjzIJZ9EnXkWhbKkqQVVatDRiOUbeMKRXtK6saudExwAcBg+XXGILABzbR/bKJdqfjco8guWAvB/KDUcuPOHhgupHe7kRNKXAcuP1DDp9Y4SQHDF9Dh9IvlICibt4NgDj2ziqegKLk3VcGbtrTCkQSCZINidkEzFiqqNVSU5ZBjWALDLvTikDFQaj1GHR8YPlBILG8OLH7MKR34MlXrSLuTmvAUHXDrGZ5v5h8gZZwH4SfnNfs7ZoSQJZSxTmneILspzgnQ05B4vXs1BTvSgtN0h1OXyY3TeQdFQxshS7KSlyBh39iA0TtK91V5h8renWkefzf1ArlGifvLqYAVJmH+JrM0xC0oDqSxuiqlA4lL+ZqcWfOqeUhyQT6Ac8TjGr+KUy0ywL5JJF0YkAGsZsJrugkMK+XKuOFY9V4Ts+EFpm5TTECelysMeZH3xixClE3QSNaUbWIlBdnUKVCVFZUeGQ6QRZpZGI/2g/8Ako4ngIc5P+MUAP8AI6nE2F8ZijyASO+faJ/6JGaSW/UXr1OMFSzS8oCmAyHOC7KgzDvEhPr2EL5b+Izj1SCKxs+WTRgR+77xaLOohr5IGFE07BzGms+x0LxWSnk3v9ovGypcvB6nK6Seqk4cIrPnRm4i45EZRZmSsdnAWylG8MlFOmQjsyzhThMxIVndYKc5nN+EauXZQ4CySnMGUD6hJB7R2dskEeVBGikD0bDsYIsbu4S/SYlcoIO6UzFZhY3ul4n0rHrQkBL3GehYAHjjDm2SJXiNNCUp4C9dIoWLXhWrRdJsgIZxNT8yS50cpO91eGDIwA1ILqT85lpE8oe7eS+PEdodWG2XUlyVgYajRtMNWgiZseWoky3C8Sm8UqPLL8xhfOsKkjxJaiQKF3BBzBzBg2Kv2NwSfnDk7RSp2Rv/ACqBx1FW1haq0qKiVJOOoP8AjrAq7VgCCC/Jh7N0jhUSVC8we8MWo78iIhVVfSKbkZGaSC5e6aOmo7H29opRZaqBxBBfVJzrzi9YoS5KSzhyWfBQ4PDpGzlKRvAA/OSEhgKYlyYIsF206/RYkTLF0oSSR+ZYesDKlELSGYp5jmK51jT2fY4cXiK/MKFuIoeZhdbrAEE3ksKsQSRhQcPWCV0OhJN+sFl2dd7EgByO3vUwXsyZvXVl8Ej0L01APcwLKF0BRUpQDhWrEN9PSDrEUOMrygX0uhT9yr0gshPA3EEAkEdCaHZgFxRTyTwSH/iNEmQ7DKgI4D+YT/D8kGWkDWrcveNCkMUtV+PKPLec9PQmjgWxKbWthdDj7CAkpKlJT8xyyH+IstRN9fpELPMurB0NezGPLZ35Z6boTYxpxx67MYzQkJYBkigbTD3L9Ija10wyFI7PSW1eojxNAY1FNVKp3FimXmxSzH9pNH5EQJMlgElJDFjTDAGg5kwTMmBBCR+pwaBmwbuXhfapUxEuWEC8yQk0eoevtGv47X0ZSzCt1EVokpB3WKVYaVoRXJwR2ii07PHhJXLJDC6sF1emuENVSwoFDUAd2wyrwNA+oB5RCSkUIT86aYij/QjGNsEo1+nr+8Quxx/T9pmPEDAA/Q+9fzGPEAYpC0vUEEKT2YwdbtjqV5Q4NQQw5g68xC+elUsh2vtgoOCMaGLJyboQQvqJeCkuAWGV4v2JpxgQrLso3hlQivrEbLaBUKDF8DV/SJL0CeOOLwaVWoDabcslOA74DKKfh2aErvqP5r0IiMom8xDUy/iKdmpN67m+j8PtFXOP7q31GY/yNU3Nl2vLuFRWMfKrMapLEPwLQSjbEu6SpaAMaBzxwBUeTgVxjLosBFVgoFCVKApzzHvF1j2aFqNwqWMjdKQcnxduYhTf07xuXLf2Opy+Rk47ntr7U8YMAybxLqAfAAAaDhAlmsq1LSlSFVwGB5kHDGhPEtDY7FSkgrW5FQCTdHLMxbKkJK1AXlA5AHf4PkNXpzi2pRECqKAimDH5kwVUkFZZKUIwASXvNTHEjVWeUESpNWxIywCYNTZrqgVh1NuoS4CRqWq8VTBeNLofQfn1hJyX117yRjA7lQABqX50Ah7Yp6Lu5JJOpr3LQulWMKAIXToT7/SGCVpQkArUW4n7tFXIxcULlhAEO4PtG2kOFKShv0jEdBnC9U5KvLaG4Kl3vbCAtpLClqUkO5fzn3aI/wCrIDXzXITDwpVLHCHJ46hbHcU3kMTWqjuUld1lTZSh/ddoBleNMMolZ7VMTQKxyvlQ7qccMRjCQWoAVQoHIggjkbrcI5Y7Q6glQu13S7A8lBmPA94gYT3cYcoqqjG1lSSpUyWsUqtIdk5kpVQ8wYHRMTurlLSVA4KcJPDeDBTjkXguVtGbKmolpISkgAoXWj1UkihcNxGke29ZElXiygywAZks5hgHGo/KQ1exfr/NxbHRI7H81Bv9auYLqpYv4pLsoasRjTLGG4Uhcs/01Bak1C8VNopsWZjGYmW66qqSBjx/Mnhjsq1eIfCXMdmVKU7GmTjGn0MEy+o9IKNZoxda7BfAIDggsoBnIyb9KsinNnzhGJykKBeho7e4+nCNpueJMlKQ5VvhnF5qEgajGmQMZHalnIUpOIep0IwPUEHrBLTGcDx7jb4eQle6xFXAIwpUcRQtzEadFmCmoQou/JvSjd4yfw5PDpAooDEniGHoe8baXaEOryigYu3TuB0jP8zkGAEbhINmUq2aoJJ3eByDGsK7WBeCZjMpwKYEa8xnGqtVuHhbpUd26lID7zMAlusZ/aCABRnvAA6P/j0hXj5HO2FRmZVApTcx6pqcHOqVfMMgeMFbJtKZa0kh0XgS/wAt4E9qxHaCAJhCQ4JFcsO1SYoKxLYkEhKm4BzUHtG4SGWvcTNAN2Ju9lWiWgpSP1qUhxg4r6ir8Ib2aYLxl1C0gKwyJKaasweMEmaJZlzEi9LUoFnYjKhOYox4cTGn2btREyZdJaagqAJpe4cywcZs8ee8zxSdj637S9hzUKMd7Rs4ULyfMKHljCha2LmHFntDuMCPX/ED2+xPVJFciWrw+0eZ8nxeTch36/Oa+HLQoyFltpSACLwHcR202hyd0gEcRXjFKLLMzlnm32eOTbKoeZd1JyqVHKgiETLx4iGxS7MGsanUpai6RQc+GsetM26QSopDAAA160iy6pCGlhluyQoZZlhwepgC2zghjNUCs5AOUjTgPeN3wsPBAD3M3yX5MSuhFUsLa8C4GIGQ4ZkHQaikXSpKZv8A28XqKVTkXwOkR8ANurqX/wCJGB0L/cQuKlyiZiQQcXbdIbGmFccqx6EkNYmejEfaNZ8synAII+WtDweo9uMRTZ0zg10A5g4HiBiM4ssO1ETk7zBYYf3cWOJiU9jQKLCoLVT3qCOEJVGU0fSWC4bfvFdt2EhIYEDiFP3Sqn5jAZ2MstdUhXMXe2IhtfUknFT44f5POITbYsH+nLIehJJL45MNIaruNgRbheiYuOy0oLneOBAUboPT7wp2irwbSFyzoaYVDEekbLwJigL5Kia3aJA5tGN+LV//ACJiXG6EhwMwKjo57QjyjYHvcZgsWfSpq7DLSsCYhIVeDock0A0ZnBfHjBVolzUpBUtIq7CjdPwxnvgO2K8KYgKIYBV0UKqsz4gVFBpDuzupRMwKmLyDslI1LYCGY3LLbekh1o0JYiX4hCRTUnP7coOKRLugKZIyDbx1UrIcBWBZKnN1LEfqIoOLU9TAe0rTeLJ8iaMDjk/E+kdTPo9SOQUXL7TbzeUU0fzEZ5dA1Gj1nklbqAZIxUrTOmEEWewg3bqVEnBv7bzlnI58oE28ib4ZJJRLBdQNajVmPLrArlxn+2ILBx8RlG19uolbkoXlnFWh0jOWi2TJhN5SiXHIDPHE5Vgeagg0IUpWByD4vqQ7enJ3suxhALMqgvEh2cgV0rRhrDFA+0gmu+/aB2WyEi8aDU/lIMKJgTfUB4ZGLEA9TQH+IYTUC/c85GL0Skewg2Ral3VISapSSABQJAvMoZuzNQRLZCKr+CQiA3cR2aahVCODEU6F8c4mtAlkAm8hXDDUVz4V1rSC7SU3VDwU7oeYgZoq6pZxBDu2WTNAllSQoImb3l3nZwRRXMPXlDlNiLfXUotSif6UzKsmZmHYhJ1DEfgh3s+1Ap3y02WzjF7woDqlRYPlAAl+IFhizEg6KTXo4fk4im881Cx/9km7/uFU9bwEAy+kNcli4XbbPLaUpx4cw3WcOErc0/sXUGFu07AZaLyd1SFAsMnxI4OSOkMZtm8SQUDBDqqNS90dVHtF1plLNlvLqpYYjWl0q6qCT1gQxFAydGyPSB7M2oiaQJpAutXBhg75HEHpCzaBabMSrF2A5PQcG+kR2nKurCgkhC5QB53PzrFAWROUhZvKChX+0V9H7Q1AAbEFySKM5ZcXzFH5H/EauXakm6QXDMoMx5/gMZeVJIBFKEtWtOH5nBVkmlnBDaKenBxWJy4lyVcXjdkJqamXakoLubrZNePB2p2gO1WoKUNwpTUsRQDAOcNIUzp15huDp+NjF8paAdVZC+AB6H2hQ8dVjDkJnCgKUqoAYZ4/b+IWbRN1ZATzB1z9IazVPk3Fx1rANokX2fklQq/OtDwh6NWos1dy2xWhJRdIJRiDo9SIIss9C1oTvEghpiTvAZOMyluw4QDYlKQogJcDzpY1GZww+5g+zkSliZKWGNSDkR6CKzp3X2/9hA331NolRoSQUUIWD5TxOaSM8vYtQmDAAjiWPKgY86RjRtl1VCpbO9yoUeKTQPqOrxbs/bC0Br19Ll0qFBozF09CRwjKP9PZuxLf/KUes2k603Gopzkz10xx7wutW0LxqUobG8ztqHhVaratUsCWwJP6iF45AqwblA83aa01V4ayAXurYf8AED6wGPwPcf8AcN/IFaMMtdvuutAWTgFroHbLPDhGfXaJaVbyTMWQ6jU1fSneJG1rVioMCS1B0DvAyp4yCicyw/8AaNLFgCXqU3yco/mWUTEA0CkhnGYGXGA75AukBQwwqmLxZB4huTCUuXTgSXw0fHSLppCSVKSWFL40+VQy0hhILV/9EPjQuILfs9gZlmqRikj7mh5FoHG0JoCQuVNQp3e6WLQ+m2RJVuqBSWYYKH3HKOWiZMSQLt5PD6hoYG9B/wBwDoWR9xBNnWuaovMQm75RQhRrhU4QTtMJQZSgWKpt0AuWdKsQeJi6Shw7XRoQIT/GKrkuUp2Pig9gdIRl6u6+kdjonq5Zt1ZTIWMBQBub58ow88lZL4kkk8cz7xs9vn/46t5wbreWofgIx5WLwJ0Ps3vFbyG/uCvYRqAjEf56xp8CFpywzvLw/wBwFeEbOelYASkAftQC32eMn8CsmYVlTbik/wD6SaQ/tu30oU0sOrU156RYwAssVkIDD6RiqyJRKUZpAUpqA+UBz1hbZrdLmTUS7l1LkOc6bvHzYvwhNty031AeIyWdazRRVoBkMuJyiEickpGSBkBvKOhOnDnjDePIFYBaqafQ9lTAmWUkkXrpoxulNFJPB9NOsC7dtQVfWlyFvLDgMokM/IFyW+kKrPtdkJJISGzBBDZAA71KYGF21dqXgyUhIrdJ8x1JxIGNHqYp4/Eb8XkYxs4/D4iLrLZgZgKiaEuBnWmHJ+0NbDaXRMTUFbrGjJWlKO6ys9OUB2WULqyX3UqJwcsl+hNawytGzlI8RSXu3JYT/aFhSj6EtGg3E6ldL/NJy13USkYhTKU36iM3/uI/BHP9RcCRRK1qULqfKkAkEn5iS/blFKVuZaMBQFsxfD/U9oEnkqvhWKUlSBzmC92DnvEBN0YRahYmr2pdmTBMlnfSi6z7pKfOORBxjLzZyhLJIBUF+GB8purVzLskRPZ1uvImXbwMtd6mNy7cLcmdtDwj20lpUSpNUzAiYBkVoO83NIqOMQoK6hMQxuGyrUJYUmYGSp3cHMAEcah4CWlJlyrwVQFTgVSkKBfq4idlsvju6/LkouW9yMoITa5ZWq+ld1kywSALwBddMR9hDDQoevrFj3P2hdsm3QpIrcmJlqfjdJ92i4LIWDTAhKT+9aQH6pJitSgp1JSxmKKlD1BPIAB4ptM9CFkqNAh6jBnYnkGbio6QqjGWIJ8RzD4QUpv+6QBoElQB7N6xkypS7ReL75K+hesPLZtFMxQ3SyEkhJDlc0vo9A9ekemywi4pYZdxKbtd1IwD65mGgHQPvALV89VKpiR8uBxGP49Y9ZyXa8ljwD8uOkEyUVADh81A6d26ReqQU1MxOGF0n3BgHyqpomFjxMwuoNNlDSv5xMTQwNUlQ6D6RyY7UY/2kOOYFfSIEKDUB507EGC5hhowChU7llrUCCyKNWofoWYmFoQpCSQXRhoUnJxkftBk9TpqMcQ5w4Zj+I8mWSAfMCDU40yJHm58tY4EgwWIrUiuc7BYct582ozjhWsQlFYLJrw1GoP4IsuBSXB8uOdMo6+F4XgOhHIjPnDAdUIkMSdidkzQCQWB/cA4PA4d4KTaGLFKHI8wS3dt0njFMw36AYfMC46gRWUKpuig1iSAYQFbkpayXqA2qjXpWBysqwavXtTHtBoBHmSAcnGUU2m1kFiUkcE/49YS9xiAmxJPdxXeHf6R28Bgw/uOPQYRRLmrUpwgsK1EMtn7MXMBUV3cGCUXqcWoO8AzqotjqSEYn0uUK2s5PiIf9yc+OsOrPtVKwkZuwY5aVFRwMZqXZb0xisIYXrxdmpl2+8N7Zscpl3ilhQ+JUBjgWyf7QTDGKB+0kM52IytE5Kw0yW2LKFBniDgYhJUAABUhyCVXf8wlm22ZIN0EtmCaH8d+MVI2sosLoY9vqIBV9v8AcNnHZ7mgmrLupIVyU/8A4mEHxmoqkHdACVguDwIw665ROZtAt5PV27CFfxHfuALBSDgGLYYvhEZtJuvpJxMC2oJPt5VJCL2CaDg59m9YUTMRHZZp0HvHV4dT94zb2JaYGj9Iy2DOCHTdvXw+ObDCvvDeRcIJDO7KUfKmgLcT9Yy9kUyx+Uz9PeHkuckpSSCTVkgUfX0P1fCL3juAvH6ytkUt8X0Er2gCuYUoQb2VMAc+fOPWYXKAFTKAJ9CB+ZQVImX0l2SKORU/20NfapgadLXdCUhg2P57CH8T+a4BYVxqWzrOpRLKBSNDjjQnIDt7xYiYzOLyv06ADBhFdlkKShiC2mZOp0GiYusyCS7s+OvLgGhyr7xDt6DqMrIq+mZKYXiDXEuQARyqacI0F1kgXmCRdJfDT7RmkACYCmrthyY/XvDkoIWlTvLmIuqr+rXm5hbqLEbhYlTBpdnBUpP6kuU9DUekVTLKCpKgzh8M3b7esStSpktaJz3m3FkZVIC/VjF9mlAzFKfcU27ocFDgCwhbEg3GqARUztnWZFoCmYKcVwB0+j8YLXOAUWTdQVOG/QeHLSGu0dn+Kgg1Iz4jPqPUdl02wTPDL4pbfFQoZFWja9+Jo4bcWyEUBJrsoKkTETLijmhzzYD2hgRNVUiXNLVLt3GusZ2TMmSVb0u8knA+U8UkeUwWq0CYCU3gRgDUjr5utY7vRjOOo3s5IC7zpJq2Xo5PaAp3hiWXO8/mWHKjSoAcsMnaBESlqP8AUmKCTg5KuznlF0jZqCyqVqK4jU69IEkLsmdxPQEvstlTKZiVqqpgwqeWDccIMsdnmLmJvAVwAZX5/iIWdKABQr4E3R6D29Ipt9pUkkJC6igQbqW1vEkqELLM+tfeSAq7/wBTQWsplS7ylIABAU3mDnRAPv1gMLlFgpSpczFBUVXVtkx3SORhMq3zPCCLiAkF3JJOL/NFXjkpJVLSQ70oaaHAvoY78PRuEMgjqbYpU4kBPhTU/KcR8ySMeXGFdqssxCgiYkLeqVJLXg+B0VkDxzpC5O0lEi6Gq+7uudAK3VNkKHSHsy0gy3DLS14cU4KTqDxHCC4FaEAsDcTW1RTRnQcD2IcZGBEWoh7tPp+VHUwUFJuKBJ8u6/BTseJSe8B3WUdPocPeLAqU2+UYypqZgqkImfNgDxIA+kTEtiSFpfUfzA1lWCFJUcKBRxbSkEeItRuoKlHL8PtE6g76nr4BxJf9vsY5MQ9QjuG9SYZ7P2Mqqlkk6J+5x6QxslhlINbobEjePcwk502AblgYn1qvvM//AKUqAJBpqTnF9g2aV8BmQD7mvpGzscsGiUscnyGp0ivwEuWLgCp1PCKGXzWFhZcHironcXbP2RKTU1w830GZhlLnAOBeH7UgE8yW9IoUgg3zeANEB/KKXldvfrHkzWDAlP7UY81HXhFbbbY3GgBdAVMn8NpQqaL5qFABBoF0N0DKhHrG0m2ky0rmKDoKWrQA5VV2YR85SpcsvdoTgR7HUekGztrTCUKCg6MLyQRlkp60x9o1cvjs7AiUMecKDfcG2qEqUCkkggUFbtKDHo2TRCwyHWEtXSrnhhHFFyVEB8S+bnhT0g3ZkwBaSGKk1S6iWPt0zaGZLTGa7oxStyyAHqaKxbOCZbJbHE7xfNg+HKF3xVYQqRNIAJSm8CxGBdm1940uy54Rdc5EEihST+oPm0LviGYm5NVRjVsct52wFY8+HcvZP1mrxXjqfJ5w3llmevepiond6v8ASCLegpDHJ0/8T9mgZKaEftPuIs1JOzv2M7LW6grMmvX8MPbBIUqTuglRUQwxOY5CvrCGWjeTvAf4h7sozFImISShF5yoFiXSN0Ho9IfhYhwPkYl0H4Vn3EY2Ky3UsopOIYHMYucaHEDlBCZBJCUipz0egCR0iiyi4i6hNAHVTTjlSH3w1JKilZIcOCSKIKgcebHoAIvtk4JZlFV5vQguztlKXNEtV8FnZKSXo4ANMRV3hrZ9nygrwkyJd4FiVqmVODOCQDmwMaCyoARu/qd1PU5Fzi5IdhQNwEGizoCQm+dWZh3Yq9YpP5ZJl1PFUCY+bsC6SRVYqEOxAd90iioDmIBBShwE7wSaEEULPjmDG1tFlARdCmY3gXJu8lHeGjGKJ9lvJKSN4gssAMFNeBwoaYtm0GnkXomCcAH5ZjrLayAoFiFZszU9RHmSqiVBKjgcj9HgGZMYuQxOXFy45ZjnAS7UpKiQXSf0E1H9pNDF04wdyurnqaC0zFhF0uK1UG9fu8Cos6yl3CgcSw9qCLNmW0LajDNxh00iraCJaFi6oJJcvLJL8CAac2ha0DJYE7nZSEuAVISX8pLO3BjBVosaSLyUS0tiXcf8aDqYGsttlKpMSg5uQacdY5btqlimWQ2qbxHY07xBDM2oS/CNzkuz3XU3iK/aKDAveIp0aK5yyKrUBd/SkUArnr0ijxlLDGYVE5AZck5cSRF1kkywaqvqepPlBwYZE98IPjW2gloJNtSlklSiEYEChI0f9I5coIQtaykJBKiGCaBkgdkJaA7Us+LkEA04nhx9obWNQSrdULypa0qIDsWCh6P6Qw0F0IoNyaj1CBs1QSDfQoPXENqUkVIDnm0Kpk0VSlJFaEHHnDLaFoSFg1uS7ySAaJK0C6rA6kPz4wvlyCCVEggeVvf3haAlTyhPQYcZyVYgfDmS6Oi+ofuSpiU6a8INnLEuYEkC6oPoxOI4Aj6RXsyYlLAgksogkbqUO57n6RGa81YKh5iToyQKcqAGAYlWFxq0wNdxTtYlBKGohRY8MQOxijxHJb5R9FfxF+3JgJ5inSgJ6RRsmQuYbqA6lFhoBqdGEPNCifS5Vq+oZZZbmiXONcAB/iNlsPZ1xPirS8wh7reWlA2Ec2XYEyymVde6kLmr4CqRwch205wVtNJJC6n5EClWIDtwJJjNzeRzPFdCXcWLgORhSJV5w7fMXLAYnnFF6WC0sFSsAW/Gir/UlREpBcs81WFdOWLnhHJFrSDuigNeOGeNYqhJY5Aw/BDVSP1l6k/LE5UuocXRiE6D5lacHgf/AKqAQC14+RAZk8f5gC329aiEvcQTvKxUs6JzbiRHDEepJyKBcL2nbHcIqRiXASnmcqRVs2ylQvKXexYg3RjlmrDEwPMspAvKDy0+WXQB8iomj9Y5LUvE+GrRlgISNAwJUrUnpB8RVAwORuyJi7SsV8wPEOxivxSobwByOh5gxy12dQVQnM49wK17wXICyAkEb2RTX2jaL/KZgSgJRImyxR2qzEFv4wi9kOl3TgQSTXt7iPTbCq8WSkjQGo5jWBrSXYCobAYjWhPtAKwYVcJko3NBK24EpAOVHBxHF/p6Qv8AiXa5XLAYAKxDu4xeh1gCzrTnQ9+8KtrLIUlNT6O5bPpFLyPFxIhZRv8AeWvGyszgMdftA9oTbylHJVev4IqkKJeuCT9InMDpH7d31JHvAwU3WkVFFrUtk/ET8pJWFOB9/vGg+Hlgg0dRJzyCUj86Rn5YqO3o0PtiKupCmdqNzf7ekWMBrIIjNvFUfy5hoFrSEkjcH6qilBpGo+HJKT4gpdZc27qpVEgjANkOOcYhE9SXZKQSMfMQOWA6xpPhuaha0eYAPutVSaKvBnBZy3Lm1jyPiGonxxRszYpstyUCC4oPQRdaZoAJYMOHH/EQlkFCWUCMQdeenI4ViSUiZedzgCAKBQarjI0PCMXKrkHj3NNCoIB6kZKkkCYgUxr+ejxC3WsSwsmgA0LVCgOxHrE5XyBNdAxY5gtgzHtFe1ZQuKZQO4WLEtm7Zl2pm8HhD65dyHI3Ux3xRZUzFeLKQQhSUuLpTcU3PAsrEZcoziVLuFIuE8QH7/zGk2wTdIJAoklkkgpSPDTeOVXhcLKgXbyLxOYVcVXIXgUntG3iJ40ZlOfisCDWLaF03ZkmU9GZVw6ONe/SGm0bPLMq+tEoKI3TeKFPxpdVTN3gTalmShmBCSAwN0nCpLYisCeBLFUqbgLwbvEqL2JL5ABRnP8AToCSQq8c7oduZPKIIs10hjXFjvHszDtBtmkBQIF03me8cG0LOOkCzAkm6lOGN0ljzOJhwNXEl7qTtihcJE0qNAckJ4ADzHpC+xFVSk45qz5QXZUeISkJpokOAMzoaQRZdlqLlJCU1Ymqi2VHCYUzAbkjk3cHnSSUu5VVkk4EYk8sfzAnZy1Fgx3WIKQzYuCWq4JFe5gayylGqlY9e0OrDZXxWWH6AQwpnm9dXgHcKNycYJ6nZRlp3FCismq2hfEDLEiOp2dKDlN86JvBv/0HGMGf9HmTALqAl3Yk8dB5ukDTvh2egsCFB6AEKDalwwgBlU/5UZY/DsbW5VNsqlA3kKABYVoU0ZmrRvaA7QWc3gC9VEs/AQXK2NMxLKY1u0+kSRswqIQopTTmTrVhAlkJsmEPhFATNTLMq0TLsugcC82PQe3KNf8ADuyFSAmgUs4pGSf3H6QTZbKmUyUpUpRDOchnT6YQZKtJBKUAEnF8BxUcSeHsKwnPmZhxHUlMaiiexLLMUkruqxLzF1bgBqAwHEiJWwEu1Kf8R9/4gG9deZMWboLJTzwcYXsgkYRTtTaF2XfUC/6ED5siWxL+uudbgSdRvPVSU+6geDLopdZivlQ74nXP+YSWvaBEweGf6SHSkD/7FmlNRm/3iVplTAGWar3prqZgaBKjWmo09Ato2uVKBEyY00UTLlh7o00S4auJi0oVdn+fOJPJjxWGztpy5CVTClcwuAVUDqNWJaiRhCab8XFP9SVKQlRcX5ijMIzN1LABqa4wIjb6Wbw1zEgFkqISOtCGaM9MWCSWFXcDAVy9MYhgCTLGLHQ+IQ23bYnTVOqYpVGDnvRmHSKpNoWP1H/bT2xipCWTVxnzOXpF0khILkmrMD68olVEaQPaatOxLSu8sy5ctKS92+QVaszgDj7w2sNglIAvzZiVKZ0FQNegaGalTilV6XebC6sJYajjxeE6ZzEuJorVy/qRWORsmQGz+kpPxWtfqIXN2cm4/wDUID7yZmfJqRldp7OVLU+8QScceig4MbjZawxKbxRgQpnHrHp1lxCWMtXmQRStHAyMRhzlHKtBdQV+ETCSZjhlZZgMpPPWsLduTiSkXgQkluyS+tfpGrtlhMpQMskHIviND9oyXxDLKVhwzh+GJFPSLPksrICOrgeOp5m/aUWaZvEM4Wlm45QLPllLg44ju1eMclrZjphFk+oBOJHeM2irTRUqQTO2bEaPWG3w8QbyTn5ccan2c9ISylXW5E/T6esM7FLaZLSHe8l2OoU49hDA1MDK3Hv2oxyqYkkpSkltAO7ndSOMNdl265aEJqCoYpVVAoAX1f8AMwg2PMT4kwlLuQwdhiWo1cY7YJomTZq/KAyAkZgY5vjpFy+QHziwKJI9J9YsJUSpLpIJwSCbr6p8wHcZ0yOs01V4pEs7uN0luHmjCWTbaEowKpgDCYzE5gHgIOsnxBmEFb41Wz92hBwEdiOGYH1mptVrlpJBvFRFEuDnog0GDmFlv2mxZSkoBDnkKAULPwhVLtU9RJlIuPUqWaDTHLrHbJs1CSFzVmat8TgO9BC2KJ62fYSeTN1F0+1TZoUmWFlD+ZizDlgODwFLsKiR/TUT29zGqXOS9FXsrrkgcaY0yrFFpdAcFV40DDB8BmfaDTyWrqvvFti3ZMWWjZU1QBmLAAAADlVNKs3ThEhsVBH/AHg+gA5DG77w0Flvf9xJRmVTS2XR/XlAqbQhO6ia6f8A+frX85RJzP8A4/6gnEnZEotOykpSCVPxKgl86AJIPeFCLLNmKKBQYE0rXCmMaKUugw3jRUxV5scgD7R5ctLipJcsAkgcSxLtjWIx+Q4HxTnwKarUrsWxUIR5QVAFzUvxLlm4CGEmylWTJyCaP1OMD2q3CUn+oWSCKPjwATUk6GEs3bE1c0GXLEs4gKIdmIdblkvoNMTAhcmQ2TCpEFVHtssISCrw0OkboAvKJ5mBbKVhiQkF6u1OBbAtlA6NpkgpUsTFAb6gWSDweh6Vi1FuQQAlN9sSnAcLywyfWD4H1EEsoMby7cTgQeQOPPMekU2zbJDBN0n0GpLsIWLtkh99VW8vipSA+pJDnlE5VolkbiZegCVpU44kl4gY19YRZqhI2teoEmYzu5oOlAe0VnaSAoKUEkgYIRdHVRqeYAEcmIuodaggfLLPur/MKVWpDKCjLSB+lJBUdHMSMYPQgl2EZWjaaVYHczukh+pyitW10USB4cvRIqeJP4eUKTtOVdLq/tQkEtxJFHgf/q0pAvBBWsF7y2ShI0CQS5fWC/CWqIMD+42xD7ZtBcxaSiWAlD3XokZOdaaekXCTMcLSDMmOKqDJSWZkjJhniwHXMT/iaYN4AZhIYY5Fjl+clu0tqTZhAmTpiwalF4hHYU9IkpR4gARuPE1WTNpabVKBPiT0BILrqCVHOgJJzDekYKdaAqdMWHIUtRS9N0mnKjRUUioTVi79KfWCbLYlTCGzckksAMqnKDVCpu41VVRBZizicX/ByH5hFaAAnnh9TD0bHcDeSWpuuc+N0PHRshDtfU36jcIA5b7k9I5gSeoYyL7xEpUSKWoIenZySQHYZEoGGpAq3ExUqykqPhqUrUpQEj1ieBPpI/EWbLaNvm1BLjK4o8qFKvc5wFJchyFMXLqKiNcfvFe1doS760pSUgEXTnTjiKvTCKJW1ZgoFOP3Ae4DnrBJjITQqUncc9m45sduI3bov5fpvDKufOGEiYF53TgQrI6FveEtms4UGLofLzJPEZpP40Ql2mYJnhrJvDykHEaHUUxNecJfGrdQg5Hca2hSC6Zid7UF3+h/OmI+MgSU0oKB8xi/D+I0KJkuaolSF3hQlJGVKOoQi+JZCPDvIvNeKTeOBFQR6jrA5MfFezCw5OTaqZZZyi2bMKmSwpT0aIBDkcY4Mxm4Pv8AeEdx3WpaiQozAjE0H539YNlT7qUzE+ZKvZ26Yd4rl/qI8xuMTliD/wCvaITVNKA1JPWo+sLJs/pGlaFQjZdpKUlWBAd65VAp9Yv2FaghaCrB2U/HM9WgaySD4S2ySHYtil+ophFVmS4YZpB7Vhzk8VqBjG2+s+lJkJQxBQX0r9INlTFE3bwPEP6HrjGH+HduBJSic5QpgkipQfqDhwjWInhICio7woAMu0Sr8xvuA6FeuoynWlQoAnmRXjr7RVa9pSwd5L894n84CF83aSGN1Ll2Or44mFc8rW+AGePYnE+0MTAvrqJfMw63G8rbCVEsAgDGgp3LwPO2kK3VAaGnesK5SkpoAVHsP5i4qdLrDIPypD9S4PaHfgoD1E/jsdXLVzlLG9MQrgVP3EM7LZxdZakgEMWNSOkLJ6EsEyVoRQgugknP5dHzgcS1oO9MK38u6Eg8aF+8cU5Cuo3kBsbjabtQoN2Qnw0gNfVSnAHrjA67fOKGRMQj5pqg2GpOJ9IHmhCAFTlFssSSdBpziCpibpmAlAQcF79CA1BQevGJCIOh94AZ2MvmzArw0KnqEu4VKWUVWoFiUvUk0qxMA2u1WcLYJmt8uBWdSBhl6QBaLSZqwoX73lClKDnElm8g3RhFEiWAcanhlx65QePH845gPWETdoLwloujVVSeQwiorXMbxJimyFST/akUERl75ONMSdNP8RaJJqnnhm3H85RJAH5pKkDoTsxLDdSEAZqAKj1anKAVMdebRepQHFuGfWsU2hTu1Gyr2gSoEcDYl0zaUxSUy1zFLlpwS5H8nrBEpUsi8ABwYUhSElRANffRn7RfJs4etST04vq3rEoGI11FOF9ZbarUcEkDE8oXpkLUCsjddio+whmEAg4lPQOcMODmpiBsh8xq2Gbcn944Y2LWdThkUChAZVjKjeIYZDTRoiLLv4KNdBU6Yw4WCS2J0FBAkqUCp3pXg7Y8k8MTDBhBsk7kf8jWhI2exgF1seVQ+LDVszgPWDUoGLEgYJ1Op1jvhO4o4FAcBphlmYtQFJTqT5BmTg5yGg0EEAANRLszHcr8QhTeZZyGCBpzaOzJhBISqtHLUHLU6RfZbOaN5lOO1SXyq8dtLAk0DFiWzbDtn/MDyHLYhAalE2Rui8TcH6Xqs8dA8RtCmYKCiWdkkgAdM4mhyAXYKw1b+Yqnz2YkCuHLKOCtckMJ/9k=', 'prueba2');

-- --------------------------------------------------------

--
-- Estructura de tabla para la tabla `perfiles`
--

CREATE TABLE IF NOT EXISTS `perfiles` (
  `idperfil` int(10) NOT NULL AUTO_INCREMENT,
  `tipo` varchar(45) NOT NULL DEFAULT 'usuario',
  `codigo` int(2) NOT NULL DEFAULT '1',
  `idusuario` int(10) NOT NULL,
  PRIMARY KEY (`idperfil`)
) ENGINE=InnoDB  DEFAULT CHARSET=latin1 AUTO_INCREMENT=14 ;

--
-- Volcado de datos para la tabla `perfiles`
--

INSERT INTO `perfiles` (`idperfil`, `tipo`, `codigo`, `idusuario`) VALUES
(1, 'admin', 2, 1),
(2, 'usuario', 1, 2),
(3, 'usuario', 1, 3),
(4, 'usuario', 1, 1),
(5, 'usuario', 1, 1),
(6, 'usuario', 1, 1),
(7, 'usuario', 1, 1),
(8, 'usuario', 1, 3),
(9, 'usuario', 1, 2),
(10, 'usuario', 1, 2),
(11, 'usuario', 1, 2),
(12, 'usuario', 1, 2),
(13, 'usuario', 1, 3);

-- --------------------------------------------------------

--
-- Estructura de tabla para la tabla `publicaciones`
--

CREATE TABLE IF NOT EXISTS `publicaciones` (
  `idpublicacion` int(10) NOT NULL AUTO_INCREMENT,
  `idusuario` int(10) NOT NULL,
  `idimagen` int(10) NOT NULL,
  PRIMARY KEY (`idpublicacion`)
) ENGINE=InnoDB  DEFAULT CHARSET=latin1 AUTO_INCREMENT=2 ;

--
-- Volcado de datos para la tabla `publicaciones`
--

INSERT INTO `publicaciones` (`idpublicacion`, `idusuario`, `idimagen`) VALUES
(1, 3, 3);

-- --------------------------------------------------------

--
-- Estructura de tabla para la tabla `usuario`
--

CREATE TABLE IF NOT EXISTS `usuario` (
  `id` int(10) NOT NULL AUTO_INCREMENT,
  `nombre` varchar(45) NOT NULL,
  `apellido` varchar(45) DEFAULT NULL,
  `correo` varchar(90) DEFAULT NULL,
  `username` varchar(45) NOT NULL DEFAULT 'usuario',
  `password` varchar(45) NOT NULL DEFAULT 'clave',
  PRIMARY KEY (`id`)
) ENGINE=InnoDB  DEFAULT CHARSET=latin1 AUTO_INCREMENT=5 ;

--
-- Volcado de datos para la tabla `usuario`
--

INSERT INTO `usuario` (`id`, `nombre`, `apellido`, `correo`, `username`, `password`) VALUES
(1, 'Harold Samuel', 'Barrera Nino', 'hsbarreran@academia.usbbog.edu.co', 'hbarrera', 'samy2001'),
(2, 'valeria', 'alvares', 'valvares@yahoo.es', 'valvares', '123'),
(3, 'Juan', 'Amaya', 'Jamaya@gmail.com', 'jamaya', '123'),
(4, 'laura', 'triana', 'ltriana@hotmail.com', 'ltriana', '123');

/*!40101 SET CHARACTER_SET_CLIENT=@OLD_CHARACTER_SET_CLIENT */;
/*!40101 SET CHARACTER_SET_RESULTS=@OLD_CHARACTER_SET_RESULTS */;
/*!40101 SET COLLATION_CONNECTION=@OLD_COLLATION_CONNECTION */;
